time,latitude,longitude,depth,mag
1900-07-29T06:59:00.000Z,-10,165,0,7.6
1900-10-09T12:28:00.000Z,60,-142,0,7.7
1900-10-29T09:11:00.000Z,11,-66,0,7.7
1901-08-09T13:01:00.000Z,-22,170,0,7.9
1901-08-09T18:33:00.000Z,40,144,0,7.5
1902-04-19T02:23:00.000Z,14,-91,0,7.5
1902-08-22T03:00:00.000Z,40,77,0,7.7
1902-09-22T01:46:00.000Z,18,146,0,7.5
1902-09-23T20:18:00.000Z,16,-93,0,7.8
1903-01-14T01:47:00.000Z,15,-98,0,7.7
1904-06-25T21:00:37.000Z,52.864,160.445,30,7.7
1905-04-04T00:49:59.000Z,32.636,76.788,20,7.9
1905-07-09T09:40:39.000Z,49.709,98.483,15,8.3
1905-07-23T02:46:22.000Z,49.369,96.61,15,8.3
1905-09-08T01:43:02.000Z,38.636,15.784,15,7.2
1906-01-21T13:49:33.000Z,34.167,138.101,300,7.4
1906-04-18T13:12:27.000Z,38.056,-122.403,10,7.7
1906-08-17T00:11:10.000Z,51.853,178.18,110,8.3
1906-12-22T18:21:11.000Z,44.284,85.572,15,7.8
1907-01-04T05:19:11.000Z,1.873,94.209,15,7.8
1907-04-15T06:08:25.000Z,16.513,-97.304,30,7.8
1907-10-21T04:23:43.000Z,39.179,70.585,20,7.4
1908-12-12T12:54:57.000Z,26.948,96.773,15,7
1908-12-28T04:20:26.000Z,38,15.349,15,7
1909-03-13T14:29:00.000Z,35.407,142.29,15,7.1
1909-07-07T21:37:47.000Z,35.387,70.251,200,7.7
1909-07-30T10:51:51.000Z,16.471,-99.427,20,7.5
1909-10-20T23:41:22.000Z,28.074,69.333,35,7
1910-04-12T00:22:24.000Z,25.911,123.973,235,8.1
1910-06-16T06:30:43.000Z,-19.572,169.438,100,7.8
1910-11-09T06:02:00.000Z,-16.289,166.904,20,7.3
1910-12-16T14:44:55.000Z,4.685,126.051,15,7.6
1911-01-03T23:25:48.000Z,43.013,78.53,20,7.7
1911-02-18T18:41:09.000Z,38.331,72.628,15,7.3
1911-06-07T11:02:50.000Z,18.517,-102.442,30,7.6
1911-06-15T14:25:53.000Z,29.049,128.778,100,7.9
1911-07-12T04:07:38.000Z,8.546,127.103,15,7.7
1911-08-16T22:41:17.000Z,7.237,136.944,15,7.8
1911-12-16T19:14:32.000Z,17.159,-99.994,30,7.3
1912-08-09T01:29:03.000Z,40.638,27.023,15,7.1
1912-09-29T20:51:23.000Z,7.299,136.888,15,7.5
1913-03-14T08:45:04.000Z,5.354,126.121,15,7.8
1913-05-30T11:47:11.000Z,-4.685,151.767,15,7.2
1913-06-26T04:57:19.000Z,-20.53,-173.854,25,7.7
1913-08-06T22:14:37.000Z,-16.469,-73.823,25,7.7
1914-05-26T14:22:47.000Z,-1.829,136.943,15,8.1
1914-06-25T19:07:25.000Z,-3.924,101.82,35,7.6
1914-08-04T22:41:39.000Z,42.747,92.09,15,7.3
1914-10-03T22:07:07.000Z,37.629,30.021,15,7
1914-10-23T06:18:44.000Z,4.239,128.141,35,7.4
1915-02-28T18:59:12.000Z,23.359,123.492,20,7.3
1915-05-01T05:00:10.000Z,48.361,155.162,30,7.8
1915-07-31T01:31:32.000Z,54.121,162.052,20,7.3
1916-01-01T13:20:49.000Z,-4.739,152.548,35,7.9
1916-01-13T06:18:35.000Z,-3.196,135.731,25,7.1
1916-01-13T08:20:32.000Z,-3.987,138.011,35,7.7
1916-01-24T06:55:13.000Z,40.074,37.329,15,7
1916-02-06T21:51:33.000Z,50.459,179.051,15,7
1916-08-28T06:39:41.000Z,29.73,80.745,20,7
1916-10-31T15:31:00.000Z,49.755,157.998,15,7.3
1917-05-01T18:26:20.000Z,-31.08,-176.461,15,8.2
1917-05-31T08:47:32.000Z,54.934,-159.433,35,7.4
1917-06-26T05:49:46.000Z,-14.739,-173.562,15,8
1917-07-29T21:52:32.000Z,-3.687,141.572,35,7.4
1918-02-13T06:07:18.000Z,23.582,117.104,15,7.3
1918-05-20T14:36:07.000Z,7.506,-34.933,15,7.3
1918-05-20T18:03:40.000Z,-2.268,153.171,15,7
1918-07-03T06:52:08.000Z,-3.211,143.404,15,7.5
1918-07-08T10:22:08.000Z,24.599,90.853,15,7.2
1918-08-15T12:18:21.000Z,5.967,124.377,20,8.3
1918-09-07T17:16:23.000Z,46.737,150.653,15,8.1
1918-10-11T14:14:42.000Z,18.802,-67.219,15,7.1
1918-10-27T17:06:40.000Z,-1.402,149.683,15,7.2
1918-11-08T04:38:09.000Z,44.893,151.896,15,7.8
1918-12-02T09:47:34.000Z,11.391,-43.549,10,7.1
1918-12-04T11:47:50.000Z,-26.538,-70.608,40,7.8
1919-01-01T03:00:34.000Z,-19.307,-178.106,485,7.8
1919-03-02T03:26:35.000Z,-43.8,-78.319,15,7.2
1919-03-02T11:45:15.000Z,-43.109,-71.695,15,7.2
1919-04-17T11:22:09.000Z,-30.418,-178.11,35,7.2
1919-04-30T07:17:17.000Z,-18.352,-172.515,25,8.1
1919-05-06T19:41:14.000Z,-4.852,153.714,35,7.8
1919-07-08T21:06:14.000Z,-8.174,31.566,15,7.2
1920-02-02T11:22:24.000Z,-4.967,152.017,35,7.8
1920-03-20T18:31:25.000Z,-35.848,-110.726,10,7
1920-05-13T01:48:44.000Z,-3.65,144,25,7
1920-06-05T04:21:35.000Z,23.684,121.986,20,8.2
1920-09-20T14:39:03.000Z,-20.088,168.523,25,8.1
1920-12-10T04:26:07.000Z,-37.723,-70.256,15,7.3
1920-12-16T12:05:55.000Z,36.888,105.606,15,8.3
1921-02-04T08:22:41.000Z,15.681,-90.805,15,7
1921-02-27T18:23:37.000Z,-18.887,-173.042,15,7.4
1921-03-28T07:49:30.000Z,13.635,-87.09,15,7.3
1921-04-02T09:36:53.000Z,23.801,124.829,15,7
1921-09-11T04:01:44.000Z,-10.08,110.623,15,7.6
1921-10-15T04:58:19.000Z,-12.745,166.868,35,7.1
1921-11-11T18:36:20.000Z,7.563,127.339,15,7.4
1921-11-15T20:36:43.000Z,36.202,70.711,240,7.8
1921-12-18T15:29:28.000Z,-3.827,-71.322,540,7.3
1922-01-17T03:50:28.000Z,-3.025,-71.398,475,7.9
1922-01-31T13:17:31.000Z,41.115,-125.54,15,7.3
1922-05-09T13:50:30.000Z,-9.272,118.683,35,7
1922-09-01T19:16:07.000Z,24.33,121.842,20,7.1
1922-10-14T23:46:52.000Z,24.613,121.325,15,7
1922-11-07T23:00:17.000Z,-28.365,-71.96,25,7
1922-11-11T04:32:51.000Z,-28.293,-69.852,70,8.3
1923-02-02T05:07:48.000Z,53.633,160.692,35,7.2
1923-02-03T16:01:50.000Z,54.486,160.472,15,8.4
1923-02-24T07:34:44.000Z,55.388,163.265,15,7.3
1923-03-02T16:48:34.000Z,7.619,124.857,15,7
1923-03-24T12:40:17.000Z,31.295,100.75,15,7
1923-05-04T16:26:48.000Z,55.828,-156.832,25,7
1923-06-22T06:44:40.000Z,22.845,98.711,25,7.2
1923-09-01T02:58:00.000Z,35.4,139.2,15,8.1
1923-09-01T02:58:35.000Z,35.413,139.298,15,8.1
1923-09-02T02:46:41.000Z,35.007,139.926,15,7.8
1923-10-07T03:29:38.000Z,-1.231,129.55,15,7.4
1923-11-04T00:04:35.000Z,-4.619,153.001,35,7
1924-03-04T10:07:53.000Z,9.791,-83.915,15,7.1
1924-04-14T16:20:36.000Z,6.722,126.038,15,8
1924-05-04T16:51:50.000Z,-21.246,-178.755,535,7.1
1924-06-26T01:37:33.000Z,-56.198,158.563,10,7.5
1924-07-03T04:40:12.000Z,36.983,84.164,10,7
1924-07-24T04:55:19.000Z,-49.522,158.911,15,7.1
1924-08-14T18:02:41.000Z,36.135,141.387,15,7
1924-08-30T03:04:59.000Z,8.963,126.893,15,7.1
1925-01-18T12:05:56.000Z,47.803,153.607,35,7.2
1925-03-22T08:41:58.000Z,-18.7,168.574,35,7.2
1925-04-11T10:42:06.000Z,-34.646,58.358,10,7.1
1925-04-16T19:52:41.000Z,21.788,121.1,15,7
1925-05-03T17:21:47.000Z,1.19,126.304,15,7.1
1925-06-03T04:33:54.000Z,1.292,126.01,15,7
1925-06-09T13:40:23.000Z,-4.015,143.467,25,7
1925-08-19T12:07:32.000Z,55.35,167.086,15,7
1925-10-13T17:40:38.000Z,10.794,-42.266,10,7.2
1925-11-10T13:50:37.000Z,-0.652,130.62,15,7.3
1925-11-13T12:14:51.000Z,12.653,124.767,20,7.2
1925-11-16T11:55:01.000Z,18.496,-106.846,15,7
1926-01-25T00:36:25.000Z,-10,159.248,15,7.6
1926-02-08T15:18:02.000Z,12.299,-88.666,20,7.2
1926-03-21T14:19:09.000Z,-60.879,-23.662,10,7
1926-03-27T10:48:39.000Z,-8.943,157.446,15,7
1926-04-12T08:32:32.000Z,-10.349,161.634,15,7.3
1926-08-25T05:44:46.000Z,-23.145,172.139,20,7
1926-09-02T01:21:51.000Z,-34.455,57.906,10,7
1926-09-10T10:34:27.000Z,-9.156,110.617,35,7.1
1926-09-16T17:59:12.000Z,-9.504,159.451,15,7.1
1926-10-03T19:38:05.000Z,-50.182,159.597,10,7.4
1926-10-13T19:08:18.000Z,51.49,-175.288,40,7
1926-10-26T03:44:45.000Z,-2.834,139.283,35,7.6
1926-11-05T07:55:27.000Z,12.598,-86.875,15,7
1927-01-24T01:05:47.000Z,-18.313,167.64,30,7.1
1927-02-16T01:35:26.000Z,46.545,153.553,15,7
1927-03-03T01:05:10.000Z,-6.718,122.094,15,7.1
1927-03-07T09:27:42.000Z,35.632,135.013,10,7
1927-05-22T22:32:49.000Z,37.645,102.489,15,7.7
1927-06-03T07:12:07.000Z,-6.766,130.363,35,7.5
1927-08-05T21:12:58.000Z,37.631,142.217,35,7
1927-08-10T11:36:12.000Z,-0.56,131.764,15,7.1
1927-10-24T15:59:55.000Z,57.776,-136.67,10,7.3
1927-11-21T23:12:32.000Z,-44.816,-72.926,15,7.2
1927-12-28T18:20:33.000Z,55.245,160.05,15,7.2
1928-01-06T19:31:59.000Z,0.34,35.86,15,7
1928-03-09T18:05:29.000Z,-2.649,88.436,15,7.7
1928-03-22T04:17:05.000Z,16.142,-96.107,15,7.6
1928-03-29T05:06:05.000Z,31.748,137.858,405,7
1928-04-14T09:00:00.000Z,42.329,25.717,10,7.1
1928-04-18T19:22:56.000Z,42.356,25.109,15,7.1
1928-05-27T09:50:29.000Z,39.916,142.819,35,7.2
1928-06-17T03:19:34.000Z,16.182,-96.585,20,7.9
1928-06-29T22:49:43.000Z,-15.651,170.959,15,7.1
1928-08-04T18:26:19.000Z,16.004,-98.209,20,7.2
1928-10-09T03:01:13.000Z,16.19,-97.502,25,7.5
1928-12-01T04:06:17.000Z,-35.155,-72.105,35,7.7
1928-12-02T04:20:25.000Z,-35.685,-72.812,30,7
1928-12-07T09:14:07.000Z,-4.191,133.836,15,7
1929-02-02T00:00:25.000Z,-1.179,-22.284,10,7.1
1929-02-22T20:41:51.000Z,10.684,-41.984,10,7.1
1929-03-07T01:34:42.000Z,50.852,-169.753,15,7.8
1929-03-09T10:50:30.000Z,-42.968,172.03,20,7
1929-05-01T15:37:36.000Z,38.117,57.736,10,7.2
1929-05-26T22:40:08.000Z,51,-130.713,15,7.3
1929-06-13T09:24:44.000Z,8.097,125.948,35,7.2
1929-06-16T22:47:30.000Z,-41.982,172.397,20,7.3
1929-06-27T12:47:13.000Z,-55.342,-29.434,15,8.1
1929-07-05T14:19:09.000Z,51.473,-178.152,35,7
1929-07-07T21:23:17.000Z,51.474,-177.771,35,7.3
1929-11-15T18:50:28.000Z,7.542,142.734,10,7.1
1929-11-17T03:43:18.000Z,6.484,126.301,35,7
1929-11-18T20:32:00.000Z,44.421,-56.016,10,7.2
1929-12-17T10:58:42.000Z,53.559,171.972,20,7.8
1930-03-26T07:12:08.000Z,-7.738,125.808,10,7
1930-05-05T13:46:01.000Z,17.86,96.43,35,7.5
1930-05-06T22:34:26.000Z,38.087,44.781,15,7.1
1930-06-11T00:49:48.000Z,-6.231,148.854,35,7
1930-07-02T21:03:43.000Z,25.929,90.177,15,7.1
1930-10-24T20:15:10.000Z,18.426,146.661,25,7.2
1930-11-09T19:08:39.000Z,-0.412,132.454,25,7
1930-12-03T18:51:47.000Z,18.233,96.298,10,7.4
1931-01-15T01:50:48.000Z,16.037,-96.583,35,7.6
1931-01-27T20:09:19.000Z,25.851,96.79,15,7.6
1931-01-28T21:24:12.000Z,10.888,144.357,15,7.2
1931-02-02T22:46:52.000Z,-39.659,176.42,35,7.4
1931-02-10T06:34:34.000Z,-5.412,102.557,35,7
1931-02-13T01:27:27.000Z,-39.482,176.216,45,7.3
1931-03-09T03:49:00.000Z,40.572,142.398,35,7.8
1931-03-18T08:02:25.000Z,-33.778,-71.478,35,7.2
1931-05-20T02:22:52.000Z,37.795,-16.168,10,7.1
1931-08-07T02:11:44.000Z,-3.417,142.077,35,7
1931-08-10T21:18:45.000Z,46.817,89.915,10,7.9
1931-08-18T14:21:05.000Z,47.264,89.859,10,7.1
1931-09-25T05:59:52.000Z,-5.433,102.279,35,7.4
1931-10-03T19:13:22.000Z,-11.117,161.11,15,7.9
1931-10-03T21:18:17.000Z,-12.131,161.333,15,7
1931-10-03T22:47:46.000Z,-10.931,161.414,15,7
1931-10-10T00:19:57.000Z,-9.732,161.211,15,7.7
1931-11-02T10:03:04.000Z,31.899,132.009,35,7.5
1932-01-29T13:41:16.000Z,-6.647,154.255,15,7.2
1932-05-14T13:11:04.000Z,0.493,125.805,15,7.7
1932-05-21T10:10:04.000Z,13.175,-88.07,15,7.1
1932-05-26T16:09:48.000Z,-25.447,178.854,570,7.6
1932-06-03T10:36:56.000Z,19.786,-103.784,15,8.1
1932-06-18T10:12:11.000Z,19.419,-103.907,15,7.8
1932-06-22T12:59:31.000Z,19.373,-104.224,25,7.7
1932-12-04T08:11:17.000Z,2.451,121.005,15,7.2
1932-12-25T02:04:30.000Z,39.496,96.616,15,7.9
1933-01-21T19:21:13.000Z,-33.921,57.698,10,7.1
1933-02-23T08:09:19.000Z,-20.5,-70.157,35,7.2
1933-03-02T17:31:00.000Z,39.209,144.59,15,8.5
1933-06-18T21:37:36.000Z,38.083,142.484,30,7.2
1933-06-24T21:54:49.000Z,-5.226,104.596,20,7.6
1933-08-25T07:50:33.000Z,32.012,103.676,15,7.3
1933-08-28T22:19:48.000Z,-60.041,-26.838,35,7.5
1933-11-20T23:21:35.000Z,73.122,-70.014,15,7.7
1934-01-15T08:43:25.000Z,26.885,86.589,15,8
1934-02-14T03:59:39.000Z,17.463,119.199,15,7.5
1934-02-24T06:23:48.000Z,23.064,143.971,35,7.5
1934-02-28T14:21:49.000Z,-5.444,150.706,15,7.1
1934-03-05T11:46:22.000Z,-40.497,175.171,35,7.2
1934-03-24T12:04:33.000Z,-10.108,160.827,15,7
1934-04-15T22:15:22.000Z,7.681,126.676,35,7.1
1934-07-18T01:36:31.000Z,7.903,-82.492,30,7.5
1934-07-18T19:40:19.000Z,-11.936,166.977,10,7.7
1934-07-21T06:18:22.000Z,-11.129,165.89,15,7.3
1934-11-30T02:05:16.000Z,18.499,-105.276,15,7.1
1934-12-15T01:57:42.000Z,31.25,89.162,15,7.2
1935-04-20T22:02:01.000Z,24.294,120.675,15,7
1935-05-30T21:32:57.000Z,28.941,66.477,25,7.5
1935-08-03T01:10:06.000Z,4.401,96.403,25,7.2
1935-08-17T01:44:37.000Z,-22.292,171.513,20,7.2
1935-09-04T01:37:44.000Z,22.324,121.299,15,7
1935-09-11T14:04:04.000Z,43.384,146.613,35,7.2
1935-09-20T01:46:43.000Z,-3.824,141.416,30,7.8
1935-09-20T05:23:11.000Z,-3.776,142.64,35,7
1935-10-12T16:45:24.000Z,40.199,143.304,15,7
1935-10-18T00:12:00.000Z,40.235,144.011,15,7.1
1935-12-15T07:07:53.000Z,-10.345,161.443,35,7.6
1935-12-17T19:17:35.000Z,22.498,125.769,15,7
1935-12-28T02:35:31.000Z,-0.29,98.255,30,7.6
1936-02-15T12:46:59.000Z,-4.408,133.187,15,7.1
1936-04-01T02:09:28.000Z,4.241,126.368,35,7.8
1936-04-19T05:07:17.000Z,-7.613,156.557,20,7.4
1936-06-30T15:06:41.000Z,51.224,160.811,15,7.5
1936-07-13T11:12:18.000Z,-24.72,-70.11,35,7.5
1936-08-23T21:12:16.000Z,5.316,94.719,50,7
1936-09-19T01:01:47.000Z,3.685,97.535,20,7.2
1936-10-05T09:44:21.000Z,1.642,126.354,15,7
1936-11-02T20:45:58.000Z,38.236,142.276,35,7.2
1936-11-13T12:31:33.000Z,55.956,163.404,20,7.2
1937-01-07T13:20:42.000Z,35.434,97.759,15,7.8
1937-01-25T06:34:06.000Z,-10.42,162.618,15,7.2
1937-02-21T07:02:42.000Z,44.443,149.72,30,7.4
1937-04-16T03:01:38.000Z,-20.596,-177.315,330,7.3
1937-06-21T15:13:04.000Z,-8.335,-79.741,30,7.1
1937-07-22T17:09:33.000Z,64.726,-146.565,10,7
1937-08-11T00:55:56.000Z,-6.538,116.479,610,7.1
1937-08-20T11:59:21.000Z,14.575,121.68,15,7.5
1937-12-23T13:18:02.000Z,16.749,-98.359,25,7.4
1938-01-24T10:31:50.000Z,-60.679,-35.937,10,7
1938-02-01T19:04:22.000Z,-5.045,131.614,25,8.5
1938-05-12T15:39:06.000Z,-6.154,147.634,35,7.7
1938-05-19T17:08:41.000Z,-0.557,118.881,35,7.7
1938-05-23T07:18:30.000Z,36.517,141.491,15,7.7
1938-05-23T08:21:51.000Z,18,120.045,15,7.1
1938-05-30T14:29:52.000Z,-20.008,168.825,35,7.1
1938-06-10T09:53:43.000Z,25.143,125.273,20,7.7
1938-06-16T02:15:18.000Z,27.649,129.449,20,7.5
1938-08-16T04:28:01.000Z,22.752,93.915,75,7
1938-08-29T15:22:24.000Z,12.065,124.101,15,7
1938-09-07T04:03:20.000Z,23.802,121.526,15,7.2
1938-10-10T20:48:07.000Z,2.379,126.585,15,7.3
1938-10-19T04:13:30.000Z,49.114,89.707,10,7.1
1938-10-20T02:19:31.000Z,-9.126,122.852,90,7.3
1938-11-05T08:43:24.000Z,36.966,142.09,35,7.8
1938-11-05T10:50:18.000Z,37.166,142.221,35,7.7
1938-11-06T08:53:55.000Z,37.393,142.303,30,7.7
1938-11-06T21:38:48.000Z,37.019,142.43,25,7.6
1938-11-10T20:18:49.000Z,55.178,-158.181,35,8.3
1938-12-16T17:21:23.000Z,-45.737,167.214,15,7
1939-01-25T03:32:15.000Z,-36.305,-72.315,35,7.8
1939-01-30T02:18:30.000Z,-7.042,155.468,35,7.8
1939-02-03T05:26:23.000Z,-9.386,159.439,15,7
1939-03-21T01:11:15.000Z,-1.267,89.26,15,7.5
1939-04-05T16:42:44.000Z,-19.881,168.973,30,7
1939-04-18T06:22:44.000Z,-27.182,-70.842,35,7.4
1939-04-21T04:29:07.000Z,47.643,139.637,530,7
1939-04-30T02:55:30.000Z,-9.873,159.812,15,7.8
1939-05-01T05:58:30.000Z,39.945,139.682,10,7
1939-09-08T12:04:47.000Z,51.035,174.97,15,7.1
1939-10-10T18:31:59.000Z,38.53,143.085,20,7
1939-12-21T21:00:31.000Z,-0.073,122.51,35,8.1
1939-12-26T23:57:23.000Z,39.771,39.577,20,7.8
1940-01-17T01:14:56.000Z,17.121,148.044,15,7.5
1940-05-24T16:33:59.000Z,-11.094,-77.487,45,8.2
1940-08-01T15:08:25.000Z,44.527,139.489,15,7.5
1940-10-11T18:41:19.000Z,-42.041,-73.63,35,7
1940-11-10T01:39:05.000Z,45.708,26.563,90,7.8
1940-12-28T16:37:44.000Z,18.245,147.558,15,7.7
1941-01-13T16:27:44.000Z,-4.175,152.071,15,7.4
1941-04-15T19:09:57.000Z,18.69,-102.994,30,7.6
1941-05-17T02:24:59.000Z,-10.817,166.284,35,7.4
1941-06-26T11:52:03.000Z,12.017,92.575,20,7.6
1941-08-02T11:41:30.000Z,-29.716,-177.69,35,7.2
1941-11-05T17:38:49.000Z,12.842,123.467,15,7
1941-11-08T23:37:28.000Z,0.742,122.791,35,7.4
1941-11-18T16:46:32.000Z,32.095,131.949,35,7.9
1941-12-05T20:47:03.000Z,8.396,-83.457,20,7.3
1941-12-06T21:24:49.000Z,8.523,-84.528,15,7
1941-12-16T19:19:43.000Z,23.304,120.393,15,7.3
1941-12-26T14:48:06.000Z,22.408,99.814,10,7.2
1942-01-27T13:29:11.000Z,-4.197,135.062,17.5,7.2
1942-04-08T15:40:27.000Z,13.061,120.483,15,7.4
1942-05-14T02:13:27.000Z,-0.025,-79.955,20,7.8
1942-06-14T03:09:53.000Z,14.637,147.822,15,7
1942-06-24T11:16:30.000Z,-41.186,175.868,15,7
1942-08-06T23:37:02.000Z,13.862,-91.138,35,7.7
1942-08-24T22:50:32.000Z,-14.819,-74.708,30,8.1
1942-10-20T23:21:53.000Z,7.949,122.455,35,7.2
1942-11-10T11:41:28.000Z,-49.92,30.336,10,8
1942-11-28T10:38:47.000Z,7.344,-35.64,10,7.2
1942-12-20T14:03:09.000Z,40.87,36.732,10,7
1943-02-22T09:20:49.000Z,17.457,-101.451,20,7.4
1943-03-09T09:48:59.000Z,-60.371,-28.36,20,7
1943-04-06T16:07:17.000Z,-31.432,-71.475,35,8.1
1943-05-25T23:07:40.000Z,7.4,127.178,15,7.8
1943-06-08T20:42:43.000Z,-2.908,102.153,15,7.4
1943-06-09T03:06:20.000Z,-0.827,100.736,10,7.8
1943-06-13T05:11:42.000Z,40.982,143.315,35,7.2
1943-07-23T14:53:10.000Z,-8.591,109.803,60,7
1943-07-29T03:02:17.000Z,18.905,-67.131,15,7.7
1943-09-06T03:41:29.000Z,-53.983,158.737,10,7.4
1943-09-10T08:37:00.000Z,35.448,133.993,15,7
1943-10-23T17:23:21.000Z,26.637,93.852,15,7.2
1943-11-06T08:31:41.000Z,-5.602,134.015,15,7.7
1943-11-26T22:20:48.000Z,40.916,33.562,20,7.5
1944-01-15T23:49:32.000Z,-31.372,-68.436,15,7
1944-02-01T03:22:41.000Z,40.696,32.992,30,7.6
1944-02-29T16:28:08.000Z,0.059,75.144,15,7.1
1944-03-09T22:12:58.000Z,43.29,83.892,10,7.1
1944-04-27T14:38:12.000Z,-0.863,133.977,15,7.6
1944-05-25T01:06:39.000Z,-21.578,-179.44,632.7,7.3
1944-05-25T12:58:11.000Z,-2.424,152.488,15,7.1
1944-06-28T07:58:56.000Z,14.315,-92.894,25,7
1944-09-23T12:13:24.000Z,53.359,159.918,35,7.2
1944-10-05T17:28:34.000Z,-22.174,171.768,120,7
1944-11-16T12:11:02.000Z,-11.936,166.251,35,7.1
1944-11-24T04:49:06.000Z,-19.127,169.184,165,7.2
1944-12-07T04:35:45.000Z,33.682,136.204,15,8.1
1945-02-10T04:57:58.000Z,41.037,142.06,58.7,7.2
1945-02-26T22:14:30.000Z,25.715,143.58,15,7.2
1945-04-15T02:35:29.000Z,57.401,163.641,35,7
1945-09-01T22:44:11.000Z,-46.939,166.022,20,7.5
1945-11-27T21:56:54.000Z,24.927,63.601,15,8.1
1946-04-01T12:29:01.000Z,53.492,-162.832,15,8.6
1946-05-08T05:20:27.000Z,-0.746,99.096,35,7.3
1946-06-23T17:13:24.000Z,49.621,-125.261,15,7.5
1946-08-04T17:51:10.000Z,19.083,-69.248,15,7.5
1946-08-08T13:28:33.000Z,19.538,-69.657,15,7
1946-09-12T15:17:23.000Z,24.054,95.666,15,8
1946-09-29T03:02:06.000Z,-5.158,153.379,50,7.8
1946-11-01T11:14:28.000Z,51.752,-174.453,25,7
1946-12-20T19:19:10.000Z,33.116,135.895,15,8.3
1947-03-17T08:19:37.000Z,33.479,99.529,15,7.3
1947-03-25T20:32:37.000Z,-38.951,177.562,165,7
1947-04-02T05:39:16.000Z,-1.159,137.847,15,7.3
1947-05-27T05:58:58.000Z,-1.86,134.986,15,7.6
1947-06-07T18:47:51.000Z,11.182,124.658,15,7
1947-06-12T09:02:28.000Z,1.201,126.156,15,7
1947-06-13T20:24:59.000Z,21.722,145.567,35,7
1947-06-19T07:34:41.000Z,21.6,145.464,35,7.2
1947-07-29T13:43:25.000Z,28.576,93.628,20,7.3
1947-10-06T19:55:37.000Z,36.728,21.897,15,7.3
1947-10-16T02:09:51.000Z,64.131,-148.613,26,7.2
1947-11-01T14:58:57.000Z,-10.973,-74.725,20,7.6
1947-11-04T00:09:14.000Z,44.01,140.78,15,7
1948-01-24T17:46:44.000Z,10.8,122.295,15,7.8
1948-01-27T11:58:30.000Z,-20.222,-178.557,595,7.1
1948-02-09T12:58:18.000Z,35.631,27.153,15,7.3
1948-03-01T01:12:28.000Z,-3.1,127.111,15,7.1
1948-04-17T16:11:32.000Z,33.145,135.706,15,7.2
1948-05-14T22:31:49.000Z,54.61,-161.19,25,7.1
1948-05-25T07:11:34.000Z,30.166,100.423,55,7.1
1948-08-25T06:09:28.000Z,-24.567,-64.482,30,7
1948-09-08T15:09:14.000Z,-21.246,-173.879,15,7.5
1948-10-05T20:12:09.000Z,38.036,58.388,15,7.3
1949-02-23T16:08:11.000Z,41.865,84.191,10,7.3
1949-03-04T10:19:31.000Z,36.563,70.698,228.7,7.5
1949-03-27T06:34:09.000Z,2.443,127.637,60,7
1949-07-02T19:57:14.000Z,16.575,147.45,15,7.1
1949-07-10T03:53:41.000Z,39.174,70.891,20,7.5
1949-08-22T04:01:18.000Z,53.673,-133.015,10,8.2
1949-12-17T06:53:32.000Z,-53.923,-69.596,10,7.7
1949-12-17T15:07:58.000Z,-53.911,-69.753,10,7.3
1949-12-29T03:03:56.000Z,17.429,121.485,15,7.1
1950-02-28T10:21:00.000Z,45.882,143.491,329,7.7
1950-05-26T01:17:14.000Z,-20.253,169.723,50,7.1
1950-08-14T22:51:26.000Z,-27.507,-62.838,610,7.1
1950-08-15T14:09:34.000Z,28.363,96.445,15,8.6
1950-09-19T20:29:53.000Z,-2.077,138.151,30,7.2
1950-10-05T16:09:42.000Z,10.481,-85.046,97.9,7.5
1950-10-08T03:23:13.000Z,-4.199,128.233,20,7.3
1950-10-23T16:13:28.000Z,14.31,-91.917,65.3,7.2
1950-11-02T15:28:15.000Z,-6.823,129.183,199.7,7.7
1950-12-02T19:51:51.000Z,-18.373,167.654,30,7.9
1950-12-09T21:38:51.000Z,-23.977,-67.912,113.9,8.2
1950-12-14T01:52:54.000Z,-19.705,-175.874,215.9,7.8
1950-12-14T14:15:54.000Z,16.739,-98.482,35,7.1
1951-04-14T13:33:02.000Z,61.214,136.593,10,7.1
1951-07-11T18:21:59.000Z,28.359,139.405,496.7,7.1
1951-08-13T18:33:38.000Z,41.289,32.96,25,7
1951-10-21T21:34:21.000Z,23.487,121.4,25,7.5
1951-10-22T03:29:35.000Z,23.917,121.343,25,7.2
1951-10-22T05:43:07.000Z,23.775,121.393,20,7
1951-11-06T16:40:14.000Z,47.297,154.05,35,7
1951-11-18T09:35:54.000Z,31.056,91.261,30,7.7
1951-11-24T18:50:24.000Z,23.092,121.214,30,7.8
1951-12-08T04:14:16.000Z,-34.229,57.47,15,7.5
1952-02-14T03:38:17.000Z,-7.78,126.493,25,7
1952-03-04T01:22:49.000Z,42.084,143.899,45,8.1
1952-03-19T10:57:15.000Z,9.669,127.099,15,7.3
1952-07-21T11:52:16.000Z,34.859,-119.103,10,7.3
1952-08-17T16:02:14.000Z,30.648,91.601,25,7.4
1952-11-04T16:58:30.000Z,52.623,159.779,21.6,8.9
1952-12-06T10:41:22.000Z,-8.229,156.434,15,7
1953-01-05T07:48:28.000Z,53.631,170.973,21.3,7
1953-03-18T19:06:17.000Z,40.175,27.648,10,7.3
1953-03-19T08:27:52.000Z,13.809,-61.216,128.8,7.3
1953-04-23T16:24:33.000Z,-4.449,152.868,35,7.4
1953-05-06T17:16:48.000Z,-37.093,-72.866,66,7.5
1953-07-02T06:57:00.000Z,-19.092,169.635,236.2,7.2
1953-11-04T03:49:13.000Z,-13.082,166.464,35,7.1
1953-11-25T17:48:55.000Z,34.006,141.625,25,7.9
1953-12-12T17:31:29.000Z,-3.552,-80.636,25,7.3
1954-02-01T01:06:56.000Z,24.057,143.467,15,7.2
1954-02-11T00:30:20.000Z,38.956,101.217,25,7
1954-03-29T06:17:07.000Z,36.988,-3.612,626.2,7.8
1954-03-31T18:25:50.000Z,12.185,58,15,7.1
1954-04-29T11:34:39.000Z,29.112,-113.024,10,7.2
1954-12-16T11:07:17.000Z,39.346,-117.981,10,7.1
1955-01-05T00:50:21.000Z,-50.075,162.851,15,7
1955-02-27T20:43:27.000Z,-28.336,-175.599,15,7.5
1955-03-18T00:06:52.000Z,54.252,160.884,59.2,7.2
1955-03-22T14:05:09.000Z,-9.101,91.653,20,7
1955-03-31T18:17:13.000Z,7.658,123.157,35,7.4
1955-04-14T01:29:04.000Z,29.957,101.759,10,7.1
1955-04-19T20:24:10.000Z,-30.128,-71.935,15,7
1955-05-17T14:49:55.000Z,6.828,93.869,25.3,7
1955-05-30T12:31:44.000Z,24.319,142.412,558.9,7.2
1955-10-10T08:57:50.000Z,-5.062,152.855,20,7.3
1956-01-10T08:52:43.000Z,-26.43,-175.241,35,7
1956-01-16T23:37:45.000Z,-0.727,-80.213,20,7
1956-02-18T07:34:25.000Z,30.206,138.102,484.1,7.3
1956-05-23T20:48:32.000Z,-15.434,-178.803,419.1,7.6
1956-06-09T23:13:55.000Z,35.155,67.607,25,7.3
1956-07-09T03:11:45.000Z,36.664,25.957,20,7.7
1956-09-29T23:20:55.000Z,35.677,140.259,66.1,7.5
1956-10-24T14:42:18.000Z,11.682,-86.556,35,7.1
1957-03-09T14:22:33.000Z,51.499,-175.626,25,8.6
1957-03-11T09:58:52.000Z,52.691,-169.191,35,7.1
1957-03-11T14:55:24.000Z,51.339,-178.602,25,7
1957-03-12T11:45:00.000Z,51.481,-177.243,20,7.1
1957-03-14T14:47:50.000Z,51.196,-176.733,25,7.1
1957-03-16T02:34:18.000Z,51.419,-178.87,25,7.2
1957-03-22T14:21:15.000Z,53.778,-165.771,46.6,7.1
1957-04-10T11:30:03.000Z,55.869,-153.964,15,7
1957-04-14T19:18:04.000Z,-15.02,-173.381,20,7.1
1957-04-24T19:10:13.000Z,36.493,28.829,35,7.1
1957-04-25T02:25:41.000Z,36.405,28.699,35,7.3
1957-05-26T06:33:37.000Z,40.73,31.09,25,7.1
1957-06-22T23:50:35.000Z,-1.723,136.592,59.1,7.1
1957-06-27T00:09:36.000Z,56.177,116.409,25,7.4
1957-07-28T08:40:12.000Z,17.055,-99.092,37.8,7.6
1957-09-24T08:21:14.000Z,5.327,127.005,35,7.2
1957-09-28T14:20:03.000Z,-20.541,-178.349,586.6,7.4
1957-10-27T22:32:42.000Z,55.75,161.134,147.8,7.6
1957-11-29T22:19:50.000Z,-20.948,-66.713,232.5,7.7
1957-12-04T03:37:53.000Z,45.189,99.368,30,8.1
1957-12-17T13:50:22.000Z,-12.418,166.684,123.6,7.8
1958-01-15T19:14:31.000Z,-16.625,-72.242,64,7
1958-01-19T14:07:28.000Z,1.011,-79.489,27.5,7.6
1958-03-11T00:26:02.000Z,24.945,124.327,35,7.2
1958-04-07T15:30:45.000Z,65.915,-156.343,15,7.1
1958-07-10T06:15:58.000Z,58.23,-136.712,10,7.8
1958-07-26T17:37:14.000Z,-13.428,-69.388,612.4,7.5
1958-11-06T22:58:09.000Z,44.479,148.485,35,8.4
1958-11-12T20:23:33.000Z,44.215,148.754,35,7
1959-01-22T05:10:32.000Z,37.492,142.33,35,7
1959-05-04T07:15:47.000Z,53.257,159.732,55,7.9
1959-06-14T00:12:06.000Z,-20.407,-68.862,109.2,7.1
1959-08-15T08:57:06.000Z,22.078,121.105,25,7.2
1959-08-17T21:04:48.000Z,-7.776,156.328,25,7
1959-08-18T06:37:20.000Z,44.63,-110.891,10,7.2
1959-09-14T14:09:46.000Z,-28.84,-177.209,35,7.3
1959-12-14T23:22:03.000Z,-59.935,-26.266,25,7
1960-01-15T09:30:21.000Z,-15.008,-74.867,65,7.1
1960-03-20T17:07:31.000Z,39.869,143.228,15,8
1960-03-23T00:23:28.000Z,39.635,143.316,15,7
1960-05-21T10:02:57.000Z,-37.824,-73.353,25,8.1
1960-05-22T10:30:44.000Z,-37.775,-73.017,25,7.1
1960-05-22T18:56:02.000Z,-38.061,-73.039,25,8.6
1960-05-22T19:11:20.000Z,-38.143,-73.407,25,9.6
1960-06-06T05:55:48.000Z,-45.785,-72.889,15,7.8
1960-06-20T02:01:14.000Z,-38.154,-72.917,25,7
1960-11-01T08:45:59.000Z,-38.467,-75.031,20,7.4
1960-11-20T22:01:57.000Z,-6.775,-80.918,15,7.6
1960-11-24T06:52:47.000Z,-24.678,-176.248,30,7.2
1960-12-02T09:10:48.000Z,-24.732,-70.297,35,7.3
1961-01-16T07:20:13.000Z,36.121,141.758,30,7.2
1961-01-16T12:12:30.000Z,36.226,141.815,30,7
1961-02-26T18:10:52.000Z,31.739,131.475,35,7.5
1961-03-07T10:10:40.000Z,-28.866,-175.568,30,7
1961-04-13T16:34:44.000Z,39.762,77.712,35,7
1961-07-18T14:03:41.000Z,29.692,131.683,30.6,7
1961-07-23T21:51:09.000Z,-18.307,168.29,25,7.3
1961-08-11T15:51:36.000Z,43.056,145.101,43.9,7.1
1961-08-19T05:09:51.000Z,-10.75,-70.775,612.2,7.6
1961-08-31T01:48:39.000Z,-10.688,-70.925,597.5,7.2
1961-09-01T00:09:39.000Z,-59.274,-26.801,129.2,7.3
1961-09-08T11:26:32.000Z,-56.332,-27.345,100.9,7.1
1962-02-14T06:36:05.000Z,-37.845,-72.885,30,7.1
1962-03-17T20:47:34.000Z,10.767,-43.255,10,7.3
1962-04-12T00:52:44.000Z,38.022,142.789,28,7.3
1962-04-23T05:58:13.000Z,42.506,143.734,60,7.1
1962-05-11T14:11:54.000Z,16.96,-99.741,25,7
1962-05-15T05:23:49.000Z,-7.351,128.218,30.2,7.1
1962-05-21T21:15:37.000Z,-20.088,-177.459,390,7.5
1962-07-26T08:14:46.000Z,7.512,-82.729,25,7.2
1962-09-01T19:20:41.000Z,35.656,49.843,15,7
1962-12-08T21:27:21.000Z,-25.802,-63.21,588.7,7.2
1963-02-13T08:50:04.000Z,24.411,122.094,30,7.2
1963-02-26T20:14:10.000Z,-7.523,146.308,186.6,7.5
1963-03-16T08:44:50.000Z,46.636,154.783,15,7.2
1963-03-26T09:48:17.000Z,-29.992,-177.675,10,7.3
1963-04-16T01:29:23.000Z,-0.975,128.07,30,7.1
1963-04-16T01:55:13.000Z,-1.05,128.043,30,7.1
1963-08-15T17:25:09.000Z,-13.866,-69.414,550,7.7
1963-08-25T12:18:14.000Z,-17.628,-178.684,570,7
1963-09-15T00:46:55.000Z,-10.522,165.642,35,7.4
1963-09-17T19:20:14.000Z,-10.466,165.36,45,7.2
1963-10-12T11:27:00.000Z,44.647,149.225,37.5,7
1963-10-13T05:17:59.000Z,44.872,149.483,35,8.5
1963-10-20T00:53:12.000Z,44.726,150.547,28.2,7.8
1963-11-04T01:17:09.000Z,-6.843,129.684,65,8.1
1963-11-09T21:15:32.000Z,-9.127,-71.483,590.7,7.6
1963-12-15T19:34:47.000Z,-4.813,108.045,661.5,7
1963-12-18T00:30:05.000Z,-24.749,-176.844,55,7.6
1964-03-28T03:36:16.000Z,60.908,-147.339,25,9.3
1964-04-02T01:11:50.000Z,5.57,95.374,60,7
1964-05-07T07:58:15.000Z,40.328,138.969,20,7
1964-05-26T10:59:16.000Z,-56.323,-27.655,125,7.8
1964-06-16T04:01:43.000Z,38.399,139.29,15,7.6
1964-07-06T07:22:13.000Z,18.136,-100.605,93.3,7.3
1964-08-13T00:31:15.000Z,-5.557,154.249,388.3,7
1964-09-12T22:07:03.000Z,-48.969,164.285,20,7.6
1965-01-24T00:11:17.000Z,-2.608,125.952,20,8.2
1965-02-04T05:01:22.000Z,51.251,178.715,30.3,8.7
1965-02-04T08:40:44.000Z,51.443,179.605,30,7.3
1965-02-23T22:11:47.000Z,-25.633,-70.679,35,7
1965-03-14T15:53:07.000Z,36.405,70.724,207.8,7.4
1965-03-28T16:33:16.000Z,-32.522,-71.233,70,7.4
1965-03-30T02:27:06.000Z,50.282,177.959,20,7.6
1965-05-20T00:40:27.000Z,-14.921,167.34,120,7.7
1965-06-11T03:33:47.000Z,44.608,149.022,40.7,7
1965-06-11T03:34:04.000Z,44.578,148.699,58,7.2
1965-07-02T20:58:40.000Z,52.99,-167.739,45,7.8
1965-08-02T13:19:57.000Z,-56.046,157.922,10,7.3
1965-08-11T03:40:58.000Z,-15.449,166.98,25,7.2
1965-08-11T22:31:51.000Z,-15.861,167.092,30,7.6
1965-08-13T12:40:10.000Z,-15.871,166.96,25,7.4
1965-08-13T12:40:32.000Z,-16.198,167.607,35,7.2
1965-08-23T19:46:04.000Z,16.081,-95.867,25,7.4
1965-09-04T14:32:51.000Z,58.09,-152.525,27.8,7
1966-03-12T16:31:20.000Z,24.122,122.583,30,7.5
1966-06-15T00:59:50.000Z,-10.318,161.006,45,7.1
1966-06-22T20:29:07.000Z,-7.24,124.583,531.8,7
1966-10-17T21:42:00.000Z,-10.665,-78.228,40,8.1
1966-10-19T08:01:34.000Z,-1.571,-15.611,15,7
1966-12-28T08:18:07.000Z,-25.494,-70.55,25,7.7
1966-12-31T18:23:09.000Z,-12.091,166.552,55,7.8
1966-12-31T22:15:19.000Z,-12.326,166.491,35,7.1
1967-01-05T00:14:41.000Z,48.168,103.036,13.2,7
1967-02-09T15:24:49.000Z,2.849,-74.798,55,7
1967-02-13T23:14:24.000Z,52.812,-34.14,10,7
1967-02-15T16:11:12.000Z,-9.163,-71.274,600.4,7
1967-07-22T16:57:00.000Z,40.751,30.8,30,7.4
1967-09-03T21:07:29.000Z,-10.656,-79.674,15,7
1967-09-20T09:39:16.000Z,-49.736,164.009,20,7
1967-10-09T17:21:49.000Z,-21.182,-179.186,636.8,7.2
1967-10-15T08:00:52.000Z,11.925,-85.872,160.4,7.1
1967-12-21T02:25:26.000Z,-21.865,-69.939,45,7.3
1967-12-25T01:23:32.000Z,-5.208,153.742,35,7.2
1968-01-29T10:19:07.000Z,43.566,146.741,36.9,7.4
1968-02-12T05:44:45.000Z,-5.42,153.368,30,7.3
1968-02-19T22:45:45.000Z,39.368,24.957,15,7.2
1968-02-26T10:50:19.000Z,22.733,121.368,25,7.1
1968-04-01T00:42:07.000Z,32.449,132.269,34.2,7.5
1968-05-16T00:49:02.000Z,40.86,143.435,29.9,8.2
1968-05-16T10:39:02.000Z,41.43,142.864,25,7.9
1968-05-20T07:13:09.000Z,-30.799,-178.11,55,7
1968-05-20T21:09:46.000Z,44.822,150.219,28.3,7
1968-05-23T17:24:18.000Z,-41.659,172.02,20,7.2
1968-05-28T13:27:19.000Z,-2.85,139.353,45,7.5
1968-06-12T13:41:53.000Z,39.503,143.07,32.1,7
1968-07-25T07:23:07.000Z,-30.725,-178.217,45,7.3
1968-08-01T20:19:22.000Z,16.316,122.067,25,7.6
1968-08-02T14:06:43.000Z,16.519,-97.739,25,7.3
1968-08-10T02:07:06.000Z,1.514,126.234,23,7.6
1968-08-14T22:14:23.000Z,0.157,119.802,20,7.2
1968-08-18T18:38:32.000Z,-10.188,159.914,543.1,7.3
1968-08-31T10:47:43.000Z,34.158,59.083,10,7.1
1968-09-26T18:02:54.000Z,-30.62,-177.914,50,7.1
1968-10-07T19:20:20.000Z,26.358,140.635,500,7.3
1968-10-23T21:04:44.000Z,-3.33,143.286,15,7
1969-01-05T13:26:43.000Z,-7.97,158.888,60,7
1969-01-19T07:02:09.000Z,44.985,143.238,244.7,7
1969-01-19T18:50:53.000Z,-14.849,167.345,112.9,7.1
1969-01-30T10:29:41.000Z,4.569,127.306,60,7.6
1969-02-10T22:58:06.000Z,-22.797,178.82,660,7.2
1969-02-11T22:16:13.000Z,-6.784,126.581,430.5,7.2
1969-02-23T00:36:58.000Z,-3.201,118.904,15,7
1969-02-28T02:40:32.000Z,36.033,-10.613,10,7.8
1969-04-21T07:19:28.000Z,32.15,131.938,38.6,7
1969-08-11T21:27:35.000Z,43.424,147.859,30,8.2
1969-08-14T14:19:04.000Z,43.313,147.647,27.5,7.1
1969-11-21T02:05:38.000Z,2.005,94.489,25,7.6
1969-11-22T23:09:40.000Z,57.65,163.554,35,7.4
1969-12-25T21:32:31.000Z,15.648,-59.694,20,7.2
1970-01-04T17:00:41.000Z,24.185,102.543,11.3,7.1
1970-01-10T12:07:07.000Z,6.785,126.682,40,7.2
1970-02-28T10:52:33.000Z,52.487,-174.915,164.1,7.1
1970-04-07T05:34:06.000Z,15.791,121.63,25,7.4
1970-04-29T14:01:35.000Z,14.52,-92.653,35,7.3
1970-05-27T12:05:07.000Z,27.236,140.23,390,7.1
1970-05-31T20:23:29.000Z,-9.183,-78.737,45,7.9
1970-06-11T16:46:34.000Z,-59.232,158.902,15,7.3
1970-06-14T00:00:11.000Z,-52.028,-74.07,15,7
1970-06-15T11:14:51.000Z,-54.476,-64.499,10,7.2
1970-06-24T13:09:13.000Z,51.692,-131.055,18.3,7.4
1970-07-25T22:41:14.000Z,32.053,131.782,45,7
1970-07-29T10:16:22.000Z,25.977,95.34,76.1,7
1970-07-31T17:08:05.000Z,-1.597,-72.532,644.8,8
1970-08-30T17:46:10.000Z,52.301,151.613,647.6,7.3
1970-12-02T15:54:22.000Z,-11.154,163.377,30,7
1970-12-10T04:34:41.000Z,-4.026,-80.542,25,7.2
1971-01-03T17:35:41.000Z,-55.918,-2.668,15,7.1
1971-01-10T07:17:05.000Z,-3.184,139.722,30,7.7
1971-02-04T15:33:29.000Z,0.653,98.711,30,7
1971-02-07T02:29:30.000Z,51.409,-176.974,28.9,7
1971-02-08T21:04:20.000Z,-63.398,-61.377,12.5,7
1971-05-02T06:08:27.000Z,51.396,-177.318,24.2,7
1971-05-18T22:44:43.000Z,63.952,145.965,10,7
1971-07-09T03:03:20.000Z,-32.601,-71.076,60.3,7.8
1971-07-14T06:11:30.000Z,-5.524,153.85,40,8
1971-07-19T00:14:46.000Z,-5.754,153.868,35,7
1971-07-26T01:23:22.000Z,-4.817,153.172,40,8.1
1971-07-27T02:02:49.000Z,-2.839,-77.322,120,7.4
1971-08-02T07:24:58.000Z,41.415,143.416,54.8,7.1
1971-09-05T18:35:30.000Z,46.505,141.199,18.1,7.3
1971-11-21T05:57:12.000Z,-11.857,166.557,113.1,7.1
1971-11-24T19:35:33.000Z,52.803,159.199,125,7.3
1971-12-15T08:29:57.000Z,55.959,163.269,27.5,7.6
1972-01-23T21:17:54.000Z,-13.248,166.407,35,7
1972-01-25T02:06:24.000Z,22.632,122.269,25,7.3
1972-01-25T03:41:24.000Z,23.107,121.974,25,7.1
1972-02-14T23:29:53.000Z,-11.481,166.339,101.8,7.4
1972-02-29T09:23:01.000Z,33.453,140.929,59.8,7.2
1972-03-30T05:34:53.000Z,-25.758,179.665,495.8,7.2
1972-04-24T09:57:21.000Z,23.564,121.539,22.2,7
1972-04-25T19:30:07.000Z,13.402,120.275,25,7.5
1972-04-28T23:32:11.000Z,-5.154,154.191,409.9,7.2
1972-05-22T20:45:57.000Z,-17.76,-175.066,222.1,7.1
1972-06-11T16:41:04.000Z,3.752,124.221,330.8,7.7
1972-07-30T21:45:17.000Z,56.724,-135.853,25,7.6
1972-08-17T23:44:09.000Z,-6.05,152.932,20,7.5
1972-11-02T19:55:22.000Z,-20.122,168.949,20,7
1972-12-02T00:19:52.000Z,6.405,126.64,60,8
1972-12-04T10:16:12.000Z,33.362,140.827,55,7.4
1973-01-30T21:01:12.500Z,18.481,-102.996,43,7.5
1973-02-06T10:37:10.100Z,31.398,100.581,33,7.4
1973-02-28T06:37:49.500Z,50.486,156.584,27,7.2
1973-03-17T08:30:51.800Z,13.372,122.787,33,7
1973-06-17T03:55:02.900Z,43.233,145.785,48,7.7
1973-06-24T02:43:25.500Z,43.318,146.442,50,7.1
1973-10-06T15:07:37.300Z,-60.823,-21.549,33,7
1973-12-28T13:41:45.800Z,-14.464,166.601,26,7.5
1973-12-29T00:19:31.100Z,-15.117,166.896,47,7.2
1974-01-10T08:51:13.300Z,-14.434,166.863,34,7.2
1974-01-31T23:30:05.300Z,-7.461,155.894,34,7
1974-02-01T03:12:33.100Z,-7.383,155.575,40,7.1
1974-07-02T23:26:26.600Z,-29.082,-175.954,33,7.2
1974-07-13T01:18:22.800Z,7.747,-77.688,12,7.3
1974-08-11T01:13:55.500Z,39.457,73.83,9,7.3
1974-08-18T10:44:12.800Z,-38.453,-73.431,36,7.1
1974-10-03T14:21:29.100Z,-12.265,-77.795,13,7.6
1974-10-08T09:50:58.100Z,17.3,-62,47,7.5
1974-10-23T06:14:54.000Z,-8.42,154.034,48,7.2
1974-11-09T12:59:49.800Z,-12.5,-77.786,6,7.2
1975-02-02T08:43:39.100Z,53.113,173.497,10,7.6
1975-02-04T11:36:07.500Z,40.641,122.58,33,7
1975-05-10T14:27:38.700Z,-38.183,-73.232,6,7.7
1975-05-26T09:11:51.500Z,35.997,-17.649,33,7.9
1975-06-10T13:47:14.500Z,43.024,147.734,15,7
1975-07-20T14:37:39.900Z,-6.59,155.054,49,7.9
1975-07-20T19:54:27.700Z,-7.104,155.152,44,7.7
1975-10-01T03:29:58.900Z,-4.882,102.198,33,7
1975-10-06T22:24:16.200Z,-12.519,166.499,54,7
1975-10-11T14:35:15.000Z,-24.894,-175.119,9,7.8
1975-10-31T08:28:02.600Z,12.54,125.993,50,7.2
1975-11-29T14:47:40.400Z,19.334,-155.024,5,7.1
1975-12-26T15:56:38.700Z,-16.264,-172.467,33,7.8
1976-01-14T16:47:33.500Z,-28.427,-177.657,33,8
1976-01-21T10:05:24.100Z,44.915,149.123,41,7
1976-02-04T09:01:43.400Z,15.324,-89.101,5,7.5
1976-04-08T02:40:27.000Z,40.311,63.773,33,7
1976-05-17T02:58:40.600Z,40.381,63.472,10,7
1976-05-29T14:00:18.500Z,24.531,98.71,10,7
1976-06-20T20:53:13.400Z,3.397,96.318,33,7
1976-06-25T19:18:56.900Z,-4.603,140.091,33,7.1
1976-07-11T20:41:47.500Z,7.409,-78.127,3,7
1976-07-27T19:42:54.600Z,39.57,117.978,23,7.5
1976-07-28T10:45:35.200Z,39.664,118.401,26,7.4
1976-08-16T16:11:07.300Z,6.262,124.023,33,7.9
1976-10-29T02:51:07.600Z,-4.517,139.918,33,7.1
1976-11-24T12:22:18.800Z,39.121,44.029,36,7.3
1977-03-18T21:43:52.400Z,16.773,122.327,37,7
1977-04-02T07:15:22.700Z,-16.696,-172.095,33,7.6
1977-04-20T23:42:50.500Z,-9.89,160.348,19,7.5
1977-04-20T23:49:13.100Z,-9.844,160.822,33,7.5
1977-04-21T04:24:09.600Z,-9.965,160.731,33,7.5
1977-07-29T11:15:45.300Z,-8.031,155.538,33,7.2
1977-08-19T06:08:55.200Z,-11.085,118.464,33,7.9
1977-08-26T19:50:01.400Z,-59.426,-20.508,33,7.1
1977-10-10T11:53:53.600Z,-25.856,-175.406,33,7.2
1977-11-23T09:26:24.700Z,-31.028,-67.767,13,7.4
1978-02-09T21:35:12.700Z,-30.683,-177.358,33,7.2
1978-03-23T03:15:20.300Z,44.932,148.439,33,7.5
1978-03-24T19:47:50.700Z,44.244,148.862,33,7.6
1978-03-24T21:05:48.200Z,42.839,78.606,33,7.1
1978-06-12T08:14:26.400Z,38.19,142.028,44,7.7
1978-06-17T15:11:33.500Z,-17.098,-172.264,33,7
1978-07-23T14:42:36.900Z,22.282,121.512,17,7.4
1978-08-23T00:38:32.200Z,10.204,-85.222,56,7
1978-09-16T15:35:56.600Z,33.386,57.434,33,7.4
1978-11-05T22:02:07.100Z,-11.132,162.136,33,7.1
1978-11-29T19:52:47.600Z,16.01,-96.591,18,7.7
1978-12-23T11:23:12.000Z,23.247,122.075,33,7
1979-02-28T21:27:06.100Z,60.642,-141.593,15,7.1
1979-03-14T11:07:16.300Z,17.813,-101.276,49,7.6
1979-08-26T14:31:22.100Z,19.066,122.096,15,7.1
1979-09-12T05:17:51.400Z,-1.679,136.04,5,7.9
1979-10-12T10:25:22.300Z,-46.675,165.707,33,7.4
1979-10-23T09:51:06.700Z,-10.615,161.284,22,7.1
1979-11-27T17:10:00.000Z,34.059,59.757,8,7
1979-11-27T17:10:32.900Z,33.962,59.726,10,7.1
1979-12-12T07:59:03.300Z,1.598,-79.358,24,7.7
1980-02-23T05:51:03.200Z,43.53,146.753,44,7
1980-07-08T23:19:19.800Z,-12.41,166.381,33,7.5
1980-07-17T19:42:23.200Z,-12.525,165.916,33,7.9
1980-10-10T12:25:23.500Z,36.195,1.354,10,7.3
1980-10-25T11:00:05.100Z,-21.89,169.853,33,7.2
1980-11-08T10:27:34.000Z,41.117,-124.253,19,7.2
1981-01-30T08:52:44.100Z,51.744,176.274,33,7
1981-05-25T05:25:14.460Z,-48.786,164.357,33,7.6
1981-07-06T03:08:24.180Z,-22.293,171.742,33,7
1981-07-15T07:59:08.470Z,-17.26,167.601,30,7
1981-07-28T17:22:24.620Z,30.013,57.794,33,7.1
1981-09-01T09:29:31.540Z,-14.96,-173.085,25,7.7
1981-10-16T03:25:42.220Z,-33.134,-73.074,33,7.2
1981-10-25T03:22:15.570Z,18.048,-102.084,33,7.3
1981-12-19T14:10:50.720Z,39.243,25.227,10,7.2
1981-12-26T17:05:32.520Z,-29.934,-177.741,33,7.1
1982-01-11T06:10:06.490Z,13.752,124.358,45.7,7.1
1982-06-07T10:59:40.160Z,16.558,-98.358,33.8,7
1982-07-04T01:20:06.800Z,27.929,136.967,536,7.1
1982-07-07T10:43:03.740Z,-51.225,160.513,10,7
1982-07-23T14:23:53.570Z,36.194,141.702,36.6,7.1
1982-08-05T20:32:52.950Z,-12.597,165.931,30.7,7
1982-12-19T17:43:54.850Z,-24.133,-175.864,33,7.2
1983-01-17T12:41:29.700Z,38.026,20.228,14.3,7
1983-01-26T16:02:21.350Z,-30.383,-179.339,238,7
1983-03-18T09:05:50.000Z,-4.883,153.581,88.8,7.6
1983-04-03T02:50:01.180Z,8.717,-83.123,37,7.1
1983-04-12T12:07:54.520Z,-4.843,-78.103,104.2,7
1983-04-18T10:58:51.260Z,27.793,62.054,64,7
1983-05-26T02:59:59.600Z,40.462,139.102,23.7,7.4
1983-08-17T10:55:54.130Z,55.867,161.287,62.6,7.1
1983-10-04T18:52:13.300Z,-26.535,-70.563,14.8,7.4
1983-10-22T04:21:35.010Z,-60.665,-25.451,24,7.2
1983-11-24T05:30:34.230Z,-7.481,128.168,178.5,7.3
1983-11-30T17:46:00.670Z,-6.852,72.11,10,7.3
1983-12-02T03:09:05.660Z,14.066,-91.924,67.1,7
1983-12-30T23:52:39.930Z,36.372,70.738,214.5,7.4
1984-01-01T09:03:38.850Z,33.683,136.894,368.1,7.2
1984-01-08T15:24:13.560Z,-2.823,118.806,33,7
1984-02-07T21:33:21.490Z,-10.012,160.469,18.1,7.6
1984-03-05T03:33:50.990Z,8.147,123.762,649.1,7.3
1984-03-06T02:17:21.260Z,29.384,138.935,457.4,7.4
1984-03-19T20:28:38.240Z,40.32,63.35,14.5,7
1984-03-24T09:44:02.600Z,44.117,148.192,44.4,7.2
1984-05-30T07:49:43.660Z,-4.843,151.577,174.4,7.1
1984-08-06T12:01:52.400Z,-0.086,122.517,242.3,7.4
1984-10-15T10:21:07.500Z,-15.86,-173.643,128.4,7.2
1984-11-01T04:48:50.270Z,8.185,-38.794,10,7.1
1984-11-15T02:46:19.880Z,-22.022,170.95,104.7,7.1
1984-11-17T06:49:30.020Z,0.197,98.027,33,7.1
1984-11-20T08:15:16.230Z,5.167,125.124,202.2,7.5
1985-03-03T22:47:07.280Z,-33.135,-71.871,33,8
1985-03-03T22:47:26.910Z,-33.12,-71.62,40,7.45
1985-03-04T00:32:21.870Z,-33.207,-71.663,33,7.4
1985-04-09T01:56:59.480Z,-34.131,-71.618,37.8,7.2
1985-04-13T03:00:06.780Z,1.622,126.411,50.7,7
1985-04-23T16:15:12.020Z,15.344,120.61,188.4,7
1985-05-10T15:35:50.590Z,-5.599,151.045,26.7,7.2
1985-07-03T04:36:51.730Z,-4.439,152.828,33,7.3
1985-07-29T07:54:44.070Z,36.19,70.896,98.7,7.4
1985-08-23T12:41:56.160Z,39.431,75.224,6.8,7
1985-09-19T13:17:47.350Z,18.19,-102.533,27.9,8
1985-09-21T01:37:13.470Z,17.802,-101.647,30.8,7.6
1985-11-17T09:40:21.290Z,-1.639,134.911,10,7.1
1985-11-28T02:25:42.340Z,-14.043,166.24,33,7
1985-11-28T03:49:54.150Z,-13.987,166.185,33,7
1985-12-21T01:13:22.410Z,-13.966,166.516,43,7.1
1986-01-15T20:17:42.710Z,-21.277,170.102,150,7.1
1986-04-30T07:07:18.120Z,18.404,-102.973,26.5,7
1986-05-07T22:47:10.870Z,51.52,-174.776,33,8
1986-05-26T19:06:15.990Z,-20.19,178.86,538.3,7.1
1986-06-16T10:48:25.780Z,-22.037,-178.925,547,7.1
1986-06-24T03:11:30.930Z,-4.448,143.943,102.3,7.2
1986-08-14T19:39:13.670Z,1.795,126.519,33,7.5
1986-08-30T21:28:35.450Z,45.547,26.316,132.3,7.2
1986-10-20T06:46:09.980Z,-28.117,-176.367,29.1,7.7
1986-10-30T01:28:54.590Z,-21.702,-176.616,188.1,7.2
1986-11-14T21:20:10.550Z,23.901,121.574,33.8,7.4
1987-01-30T22:29:42.090Z,-60.063,-26.916,47.6,7
1987-02-08T18:33:58.390Z,-6.088,147.689,54.9,7.4
1987-03-05T09:17:05.280Z,-24.388,-70.161,62.3,7.6
1987-03-05T10:55:12.350Z,-24.495,-70.701,34.8,7
1987-03-06T04:10:41.960Z,0.151,-77.821,10,7.2
1987-04-01T01:48:08.520Z,-22.767,-66.205,248.7,7
1987-06-17T01:32:53.720Z,-5.577,130.791,67.3,7.1
1987-08-08T15:48:56.750Z,-19.022,-69.991,69.7,7.2
1987-09-03T06:40:13.910Z,-58.893,158.513,33,7.4
1987-10-06T04:19:06.080Z,-17.94,-172.225,16,7.3
1987-10-12T13:57:04.790Z,-7.288,154.371,24.7,7
1987-10-16T20:48:01.640Z,-6.266,149.06,47.8,7.4
1987-11-30T19:23:19.590Z,58.679,-142.786,10,7.9
1988-01-19T07:30:31.860Z,-24.71,-70.568,33,7
1988-02-05T14:01:02.750Z,-24.753,-70.433,36.9,7.2
1988-02-24T03:52:03.290Z,13.477,124.616,24.9,7.3
1988-03-06T22:35:38.140Z,56.953,-143.032,10,7.8
1988-04-12T23:19:55.570Z,-17.192,-72.305,33.1,7.1
1988-07-23T15:17:08.180Z,-6.526,152.779,16.6,7
1988-07-25T06:46:06.690Z,-6.081,133.667,27.7,7
1988-08-06T00:36:24.650Z,25.149,95.127,90.5,7.3
1988-08-10T04:38:26.170Z,-10.366,160.819,34,7.6
1988-10-08T04:46:24.530Z,-18.771,-172.415,35.2,7.1
1988-11-06T13:03:19.340Z,22.789,99.611,17.8,7.7
1989-02-10T11:15:24.680Z,2.305,126.76,44,7.1
1989-05-05T18:28:39.450Z,-8.281,-71.381,593.4,7.1
1989-05-14T00:59:50.450Z,-30.523,-178.414,43.8,7
1989-05-23T10:54:46.320Z,-52.341,160.568,10,8.2
1989-09-04T13:14:58.250Z,55.543,-156.835,11.4,7.1
1989-10-18T00:04:15.240Z,37.036,-121.883,18.5,7.2
1989-11-01T18:25:34.940Z,39.837,142.76,28.6,7.4
1989-12-07T13:38:44.850Z,-6.436,146.383,104.4,7.1
1989-12-15T18:43:45.030Z,8.337,126.729,24.4,7.6
1990-03-03T12:16:27.960Z,-22.122,175.163,33.2,7.6
1990-03-05T16:38:12.570Z,-18.318,168.063,20.7,7.1
1990-03-25T13:22:55.600Z,9.919,-84.808,22.2,7.3
1990-04-05T21:12:35.550Z,15.125,147.596,11.4,7.6
1990-04-18T13:39:19.010Z,1.186,122.857,25.7,7.8
1990-05-12T04:50:08.710Z,49.037,141.847,605.7,7.2
1990-05-20T02:22:01.620Z,5.121,32.145,14.9,7.2
1990-05-24T20:00:08.190Z,5.358,31.848,16,7.1
1990-05-24T20:09:23.240Z,-7.363,120.363,588.9,7.1
1990-05-30T10:40:06.140Z,45.841,26.668,89.3,7
1990-06-14T07:40:56.210Z,11.76,121.899,18.1,7.1
1990-06-20T21:00:09.980Z,36.957,49.409,18.5,7.4
1990-07-16T07:26:34.610Z,15.679,121.172,25.1,7.7
1990-07-27T12:37:59.550Z,-15.355,167.464,125.7,7.2
1990-08-12T21:25:21.950Z,-19.435,169.132,140.4,7.1
1990-10-17T14:30:13.160Z,-10.97,-70.776,598.8,7
1990-11-06T20:14:29.740Z,53.452,169.871,24.8,7.1
1990-12-30T19:14:18.930Z,-5.097,150.967,178.6,7.5
1991-01-05T14:57:11.590Z,23.613,95.901,19.7,7
1991-02-18T02:37:25.120Z,8.87,126.48,23.9,7
1991-04-05T04:19:49.520Z,-5.982,-77.094,19.8,7.1
1991-04-22T21:56:51.820Z,9.685,-83.073,10,7.6
1991-04-29T09:12:48.100Z,42.453,43.673,17.2,7
1991-05-19T00:58:01.730Z,1.156,122.957,33,7
1991-05-30T13:17:41.970Z,54.567,-161.606,28.4,7
1991-06-09T07:45:02.130Z,-20.252,-176.218,265.5,7
1991-06-20T05:18:52.510Z,1.196,122.787,31.4,7.5
1991-06-23T21:22:28.940Z,-26.802,-63.349,558,7.3
1991-07-06T12:19:49.560Z,-13.108,-72.187,104.5,7
1991-08-17T22:17:14.680Z,41.821,-125.397,13.5,7.1
1991-09-30T00:21:46.410Z,-20.878,-178.591,566.4,7
1991-10-14T15:58:12.790Z,-9.094,158.442,23.4,7.2
1991-11-19T22:28:51.090Z,4.554,-77.442,21.3,7.2
1991-12-22T08:43:13.410Z,45.533,151.021,24.7,7.6
1991-12-27T04:05:58.240Z,-56.032,-25.266,10,7.2
1992-04-25T18:06:04.210Z,40.368,-124.316,15.1,7.2
1992-05-15T07:05:05.340Z,-6.075,147.572,58,7.2
1992-05-17T09:49:19.110Z,7.239,126.645,32.8,7.1
1992-05-17T10:15:31.310Z,7.191,126.762,33,7.3
1992-05-27T05:13:38.810Z,-11.122,165.239,18.8,7
1992-06-28T11:57:34.120Z,34.201,-116.436,1.1,7.3
1992-07-11T10:44:19.760Z,-22.483,-178.413,377.2,7.2
1992-08-19T02:04:37.410Z,42.142,73.575,27.4,7.3
1992-09-02T00:16:01.690Z,11.742,-87.34,44.8,7.7
1992-10-11T19:24:26.290Z,-19.247,168.948,129,7.4
1992-10-18T15:11:59.110Z,7.075,-76.862,10,7.2
1992-12-12T05:29:26.350Z,-8.48,121.896,27.7,7.8
1992-12-20T20:52:47.280Z,-6.582,130.393,77.7,7.3
1993-01-15T11:06:05.950Z,43.3,143.691,102.2,7.6
1993-03-06T03:05:49.870Z,-10.972,164.181,20.4,7.1
1993-05-11T18:26:51.320Z,7.219,126.57,58.7,7
1993-05-24T23:51:28.240Z,-22.671,-66.543,221,7
1993-06-08T13:03:36.480Z,51.218,157.829,70.6,7.5
1993-07-12T13:17:11.960Z,42.851,139.197,16.7,7.7
1993-08-08T08:34:24.930Z,12.982,144.801,59.3,7.8
1993-08-09T12:42:48.190Z,36.379,70.868,214.5,7
1993-08-10T00:51:53.250Z,-45.277,166.927,28.1,7
1993-09-10T19:12:54.620Z,14.717,-92.645,34.1,7.2
1993-11-13T01:18:04.180Z,51.934,158.647,34,7
1993-12-29T07:48:14.200Z,-20.23,169.789,33,7
1994-01-21T02:24:29.960Z,1.015,127.733,19.9,7
1994-02-12T17:58:23.990Z,-20.553,169.361,27.7,7
1994-03-09T23:28:06.780Z,-18.039,-178.413,562.5,7.6
1994-03-14T04:30:15.750Z,-1.278,-23.569,10,7
1994-06-02T18:17:34.020Z,-10.477,112.835,18.4,7.8
1994-06-09T00:33:16.230Z,-13.841,-67.553,631.3,8.2
1994-07-13T02:35:56.020Z,-16.62,167.518,33,7.2
1994-07-21T18:36:31.740Z,42.34,132.865,471.4,7.3
1994-09-01T15:15:53.080Z,40.402,-125.68,10,7.1
1994-10-04T13:22:55.840Z,43.773,147.321,14,8.3
1994-10-09T07:55:39.580Z,43.905,147.916,33,7.3
1994-11-14T19:15:30.660Z,13.525,121.067,31.5,7.1
1994-12-28T12:19:23.030Z,40.525,143.419,26.5,7.8
1995-01-06T22:37:34.320Z,40.246,142.175,26.9,7
1995-02-05T22:51:05.140Z,-37.759,178.752,21.1,7.1
1995-04-07T22:06:56.890Z,-15.199,-173.529,21.2,7.4
1995-04-21T00:34:46.090Z,12.059,125.58,20.7,7.2
1995-05-05T03:53:45.050Z,12.626,125.297,16,7.1
1995-05-16T20:12:44.220Z,-23.008,169.9,20.2,7.7
1995-05-27T13:03:52.650Z,52.629,142.827,11,7.1
1995-07-03T19:50:50.620Z,-29.211,-177.589,35.3,7.2
1995-07-30T05:11:23.630Z,-23.34,-70.294,45.6,8
1995-08-16T10:27:28.630Z,-5.799,154.178,30.1,7.7
1995-08-16T23:10:23.980Z,-5.771,154.347,33,7.2
1995-08-23T07:06:02.760Z,18.856,145.218,594.9,7.1
1995-09-14T14:04:31.430Z,16.779,-98.597,23,7.4
1995-10-03T01:51:23.900Z,-2.75,-77.881,24.4,7
1995-10-09T15:35:00.000Z,19.053,-104.208,26.4,8
1995-10-09T15:35:53.910Z,19.055,-104.205,33,8
1995-10-18T10:37:26.380Z,27.929,130.175,28.4,7.1
1995-10-21T02:38:57.120Z,16.84,-93.469,159.3,7.2
1995-11-22T04:15:11.940Z,28.826,34.799,10,7.2
1995-12-03T18:01:08.990Z,44.663,149.3,33,7.9
1995-12-25T04:43:24.460Z,-6.903,129.151,141.9,7.1
1996-01-01T08:05:10.830Z,0.729,119.931,24,7.9
1996-02-07T21:36:46.300Z,45.324,149.892,42.6,7.2
1996-02-17T05:59:30.550Z,-0.891,136.952,33,8.2
1996-02-21T12:51:01.300Z,-9.593,-79.587,10,7.5
1996-02-25T03:08:15.870Z,15.978,-98.07,21.1,7.1
1996-04-16T00:30:54.670Z,-24.061,-177.036,110.9,7.2
1996-04-29T14:40:41.090Z,-6.518,154.999,44,7.2
1996-06-02T02:52:09.550Z,10.797,-42.254,10,7
1996-06-10T04:03:35.480Z,51.564,-177.632,33,7.9
1996-06-10T15:24:56.000Z,51.478,-176.847,26.3,7.3
1996-06-11T18:22:55.730Z,12.614,125.154,33,7.1
1996-06-17T11:22:18.540Z,-7.137,122.589,587.3,7.9
1996-07-22T14:19:35.770Z,1,120.45,33,7
1996-08-05T22:38:22.090Z,-20.69,-178.31,550.2,7.4
1996-11-12T16:59:44.030Z,-14.993,-75.675,33,7.7
1997-01-11T20:28:26.020Z,18.219,-102.756,33,7.2
1997-01-23T02:15:22.970Z,-21.999,-65.719,276.2,7.1
1997-02-27T21:08:02.360Z,29.976,68.208,33,7.1
1997-04-21T12:02:26.430Z,-12.584,166.676,33,7.7
1997-05-10T07:57:29.720Z,33.825,59.809,10,7.3
1997-05-25T23:22:33.190Z,-32.115,179.791,332.7,7.1
1997-07-09T19:24:13.170Z,10.598,-63.486,19.9,7
1997-09-20T16:11:32.150Z,-28.683,-177.624,30,7
1997-10-14T09:53:18.150Z,-22.101,-176.772,167.3,7.8
1997-10-15T01:03:33.460Z,-30.933,-71.22,58,7.1
1997-10-28T06:15:17.330Z,-4.368,-76.681,112,7.2
1997-11-08T10:02:52.610Z,35.069,87.325,33,7.5
1997-11-15T18:59:24.300Z,-15.145,167.375,123.1,7
1997-11-25T12:14:33.630Z,1.241,122.536,24,7
1997-12-05T11:26:54.690Z,54.841,162.035,33,7.8
1997-12-22T02:05:50.080Z,-5.495,147.867,179.3,7.2
1998-01-04T06:11:58.970Z,-22.301,170.911,100.6,7.5
1998-01-30T12:16:08.690Z,-23.913,-70.207,42,7.1
1998-03-25T03:12:25.070Z,-62.877,149.527,10,8.1
1998-03-29T19:48:16.210Z,-17.552,-179.092,537.2,7.2
1998-04-01T17:56:23.360Z,-0.544,99.261,55.7,7
1998-05-03T23:30:21.910Z,22.306,125.308,33,7.5
1998-07-16T11:56:36.420Z,-11.04,166.16,110.2,7
1998-07-17T08:49:13.280Z,-2.961,141.926,10,7
1998-08-04T18:59:20.100Z,-0.593,-80.393,33,7.2
1998-08-20T06:40:55.820Z,28.932,139.329,440.5,7.1
1998-11-09T05:38:44.220Z,-6.92,128.946,33,7
1998-11-29T14:10:31.960Z,-2.071,124.891,33,7.7
1999-01-19T03:35:33.840Z,-4.596,153.235,114.1,7
1999-02-06T21:47:59.470Z,-12.853,166.697,90.1,7.3
1999-03-04T08:52:01.900Z,5.397,121.937,33,7.1
1999-04-05T11:08:04.000Z,-5.591,149.568,150,7.4
1999-04-08T13:10:34.080Z,43.607,130.35,565.7,7.1
1999-05-10T20:33:02.090Z,-5.159,150.88,138,7.1
1999-05-16T00:51:20.460Z,-4.751,152.486,73.7,7.1
1999-06-15T20:42:05.930Z,18.386,-97.436,70,7
1999-08-17T00:01:39.130Z,40.748,29.864,17,7.6
1999-09-20T17:47:18.490Z,23.772,120.982,33,7.7
1999-09-30T16:31:15.690Z,16.059,-96.931,60.6,7.5
1999-10-16T09:46:44.130Z,34.594,-116.271,0,7.1
1999-11-12T16:57:19.550Z,40.758,31.161,10,7.2
1999-11-15T05:42:43.220Z,-1.339,88.976,10,7
1999-11-19T13:56:46.450Z,-6.351,148.763,33,7
1999-11-26T13:21:15.570Z,-16.423,168.214,33,7.5
1999-12-06T23:12:33.920Z,57.413,-154.489,66,7
1999-12-11T18:03:36.450Z,15.766,119.74,33,7.3
2000-01-08T16:47:20.580Z,-16.925,-174.248,183.4,7.2
2000-02-25T01:43:58.640Z,-19.528,173.818,33,7.1
2000-03-28T11:00:22.510Z,22.338,143.73,126.5,7.6
2000-04-23T09:27:23.320Z,-28.307,-62.99,608.5,7
2000-05-04T04:21:16.210Z,-1.105,123.573,26,7.6
2000-05-12T18:43:18.120Z,-23.548,-66.452,225,7.2
2000-06-04T16:28:26.170Z,-4.721,102.087,33,7.9
2000-06-18T14:44:13.310Z,-13.802,97.453,10,7.9
2000-08-06T07:27:12.900Z,28.856,139.556,394.8,7.4
2000-10-04T16:58:44.310Z,-15.421,166.91,23,7
2000-10-29T08:37:08.770Z,-4.766,153.945,50,7
2000-11-16T04:54:56.740Z,-3.98,152.169,33,8
2000-11-16T07:42:16.930Z,-5.233,153.102,30,7.8
2000-11-17T21:01:56.490Z,-5.496,151.781,33,7.8
2000-12-06T17:11:06.400Z,39.566,54.799,30,7
2001-01-01T06:57:04.170Z,6.898,126.579,33,7.5
2001-01-09T16:49:28.000Z,-14.928,167.17,103,7.1
2001-01-10T16:02:44.230Z,57.078,-153.211,33,7
2001-01-13T17:33:32.380Z,13.049,-88.66,60,7.7
2001-01-26T03:16:40.500Z,23.419,70.232,16,7.7
2001-02-13T19:28:30.260Z,-4.68,102.562,36,7.4
2001-02-24T07:23:48.730Z,1.271,126.249,35,7.1
2001-06-03T02:41:57.160Z,-29.666,-178.633,178.1,7.2
2001-06-23T20:33:14.130Z,-16.265,-73.641,33,8.4
2001-07-07T09:38:43.520Z,-17.543,-72.077,33,7.6
2001-08-21T06:52:06.250Z,-36.813,-179.575,33,7.1
2001-10-12T15:02:16.840Z,12.686,144.98,37,7
2001-10-19T03:28:44.460Z,-4.102,123.907,33,7.5
2001-10-31T09:10:20.000Z,-5.912,150.196,33,7
2001-11-14T09:26:10.010Z,35.946,90.541,10,7.8
2001-12-12T14:02:35.040Z,-42.813,124.688,10,7.1
2002-01-02T17:22:48.760Z,-17.6,167.856,21,7.2
2002-03-03T12:08:19.740Z,36.502,70.482,225.6,7.4
2002-03-05T21:16:09.130Z,6.033,124.249,31,7.5
2002-03-31T06:52:50.490Z,24.279,122.179,32.8,7.1
2002-04-26T16:06:07.000Z,13.088,144.619,85.7,7.1
2002-06-28T17:19:30.270Z,43.752,130.666,566,7.3
2002-08-19T11:01:01.190Z,-21.696,-179.513,580,7.7
2002-08-19T11:08:24.310Z,-23.884,178.495,675.4,7.7
2002-09-08T18:44:23.710Z,-3.302,142.945,13,7.6
2002-10-10T10:50:20.570Z,-1.757,134.297,10,7.6
2002-11-02T01:26:10.700Z,2.824,96.085,30,7.4
2002-11-03T22:12:41.000Z,63.517,-147.444,4.9,7.9
2002-11-17T04:53:53.540Z,47.824,146.209,459.1,7.3
2003-01-20T08:43:06.070Z,-10.491,160.77,33,7.3
2003-01-22T02:06:34.610Z,18.77,-104.104,24,7.6
2003-03-17T16:36:17.310Z,51.272,177.978,33,7.1
2003-05-26T09:24:00.000Z,38.86,141.5,68,7
2003-05-26T09:24:33.400Z,38.849,141.568,68,7
2003-05-26T19:23:27.940Z,2.354,128.855,31,7
2003-06-20T06:19:38.910Z,-7.606,-71.722,558.1,7.1
2003-07-15T20:27:50.530Z,-2.598,68.382,10,7.6
2003-08-04T04:37:20.130Z,-60.532,-43.411,10,7.6
2003-08-21T12:12:49.790Z,-45.104,167.144,28,7.2
2003-09-25T19:50:06.360Z,41.815,143.91,27,8.3
2003-09-25T21:08:00.030Z,41.774,143.593,33,7.4
2003-09-27T11:33:25.080Z,50.038,87.813,16,7.3
2003-10-31T01:06:28.280Z,37.812,142.619,10,7
2003-11-17T06:43:06.800Z,51.146,178.65,33,7.8
2003-12-27T16:00:59.450Z,-22.015,169.766,10,7.3
2004-01-03T16:23:21.020Z,-22.253,169.683,22,7.1
2004-02-05T21:05:02.840Z,-3.615,135.538,16.6,7
2004-02-07T02:42:35.210Z,-4.003,135.023,10,7.3
2004-07-15T04:27:14.730Z,-17.656,-178.76,565.5,7.1
2004-07-25T14:35:19.060Z,-2.427,103.981,582.1,7.3
2004-09-05T10:07:07.820Z,33.07,136.618,14,7.2
2004-09-05T14:57:00.000Z,33.2,137.09,14,7.4
2004-09-05T14:57:18.610Z,33.184,137.071,10,7.4
2004-10-09T21:26:53.690Z,11.422,-86.665,35,7
2004-11-11T21:26:41.150Z,-8.152,124.868,10,7.5
2004-11-15T09:06:56.560Z,4.695,-77.508,15,7.2
2004-11-22T20:26:23.900Z,-46.676,164.721,10,7.1
2004-11-26T02:25:03.310Z,-3.609,135.404,10,7.1
2004-11-28T18:32:14.130Z,43.006,145.119,39,7
2004-12-23T14:59:04.410Z,-49.312,161.345,10,8.1
2004-12-26T00:58:53.450Z,3.295,95.982,30,9
2004-12-26T04:21:29.810Z,6.91,92.958,39.2,7.2
2005-02-05T12:23:18.940Z,5.293,123.337,525,7.1
2005-03-02T10:42:12.230Z,-6.527,129.933,201.7,7.1
2005-03-28T16:09:36.530Z,2.085,97.108,30,8.6
2005-06-13T22:44:33.900Z,-19.987,-69.197,115.6,7.8
2005-06-15T02:50:53.200Z,41.3,-125.97,16,7.54
2005-06-15T02:50:54.000Z,41.218,-126.002,8.8,7.2
2005-07-24T15:42:06.210Z,7.92,92.19,16,7.2
2005-08-16T02:46:00.000Z,38.27,142.03,40,7.2
2005-08-16T02:46:28.400Z,38.276,142.039,36,7.2
2005-09-09T07:26:43.730Z,-4.539,153.474,90,7.6
2005-09-26T01:55:37.670Z,-5.678,-76.398,115,7.5
2005-10-08T03:50:40.800Z,34.539,73.588,26,7.6
2005-11-14T21:38:51.420Z,38.107,144.896,11,7
2006-01-02T06:10:49.760Z,-60.957,-21.606,13,7.4
2006-01-02T22:13:40.490Z,-19.926,-178.178,582.9,7.2
2006-01-27T16:58:53.670Z,-5.473,128.131,397,7.6
2006-02-22T22:19:07.800Z,-21.324,33.583,11,7
2006-04-20T23:25:02.150Z,60.949,167.089,22,7.6
2006-05-03T15:26:40.290Z,-20.187,-174.123,55,8
2006-05-16T10:39:23.340Z,-31.81,-179.307,152,7.4
2006-07-17T08:19:26.680Z,-9.284,107.419,20,7.7
2006-08-20T03:41:48.040Z,-61.029,-34.371,13,7
2006-11-15T11:14:13.570Z,46.592,153.266,10,8.3
2006-12-26T12:26:21.140Z,21.799,120.547,10,7.1
2007-01-13T04:23:21.160Z,46.243,154.524,10,8.1
2007-01-21T11:27:45.060Z,1.065,126.282,22,7.5
2007-03-25T00:40:01.610Z,-20.617,169.357,34,7.1
2007-04-01T20:39:58.710Z,-8.466,157.043,24,8.1
2007-06-28T02:00:52.000Z,9.7,-7.95,18,7.09
2007-08-01T17:08:51.400Z,-15.595,167.68,120,7.2
2007-08-08T17:00:05.000Z,4.9,-5.86,280,7.18
2007-08-08T17:05:04.920Z,-5.859,107.419,280,7.5
2007-08-15T23:40:57.890Z,-13.386,-76.603,39,8
2007-09-02T01:05:18.150Z,-11.61,165.762,35,7.2
2007-09-12T11:10:26.830Z,-4.438,101.367,34,8.5
2007-09-12T23:49:03.720Z,-2.625,100.841,35,7.9
2007-09-13T03:35:28.720Z,-2.13,99.627,22,7
2007-09-28T13:38:57.880Z,22.013,142.668,260,7.5
2007-09-30T05:23:34.070Z,-49.271,164.115,10,7.4
2007-10-31T03:30:15.960Z,18.9,145.388,207,7.2
2007-11-14T15:40:50.530Z,-22.247,-69.89,40,7.7
2007-11-29T19:00:20.420Z,14.944,-61.274,156,7.4
2007-12-09T07:28:20.820Z,-25.996,-177.514,152.5,7.8
2007-12-19T09:30:27.930Z,51.36,-179.509,34,7.2
2008-02-20T08:08:30.520Z,2.768,95.964,26,7.4
2008-02-25T08:36:33.030Z,-2.486,99.972,25,7.2
2008-03-20T22:32:57.930Z,35.49,81.467,10,7.2
2008-04-09T12:46:12.720Z,-20.071,168.892,33,7.3
2008-04-12T00:30:12.600Z,-55.664,158.453,16,7.1
2008-05-12T06:28:01.570Z,31.002,103.322,19,7.9
2008-06-30T06:17:43.020Z,-58.227,-22.099,8,7
2008-07-05T02:12:04.480Z,53.882,152.886,632.8,7.7
2008-07-19T02:39:28.700Z,37.552,142.214,22,7
2008-09-29T15:19:31.590Z,-29.756,-177.683,36,7
2008-11-16T17:02:32.700Z,1.271,122.091,30,7.4
2008-11-24T09:02:58.760Z,54.203,154.322,492.3,7.3
2009-01-03T19:43:50.650Z,-0.414,132.885,17,7.7
2009-01-03T22:33:40.290Z,-0.691,133.305,23,7.4
2009-01-15T17:49:39.070Z,46.857,155.154,36,7.4
2009-02-11T17:34:50.490Z,3.886,126.387,20,7.2
2009-02-18T21:53:45.160Z,-27.424,-176.33,25,7
2009-03-19T18:17:40.470Z,-23.043,-174.66,31,7.6
2009-05-28T08:24:46.560Z,16.731,-86.217,19,7.3
2009-07-15T09:22:29.030Z,-45.762,166.562,12,7.8
2009-08-09T10:55:55.110Z,33.167,137.944,292,7.1
2009-08-10T19:55:38.730Z,14.099,92.902,24,7.5
2009-09-02T07:55:01.050Z,-7.782,107.297,46,7
2009-09-29T17:48:10.990Z,-15.489,-172.095,18,8.1
2009-09-30T10:16:09.250Z,-0.72,99.867,81,7.6
2009-10-07T22:03:14.470Z,-13.006,166.51,45,7.7
2009-10-07T22:18:51.240Z,-12.517,166.382,35,7.8
2009-10-07T23:13:48.160Z,-13.093,166.497,31.1,7.4
2009-11-09T10:44:55.110Z,-17.239,178.331,595,7.3
2010-01-03T22:36:25.640Z,-8.783,157.354,10,7.1
2010-01-12T21:53:10.060Z,18.443,-72.571,13,7
2010-02-26T20:31:26.970Z,25.93,128.425,25,7
2010-02-27T06:34:11.530Z,-36.122,-72.898,22.9,8.8
2010-02-27T08:01:23.010Z,-37.773,-75.048,35,7.4
2010-03-11T14:55:27.510Z,-34.326,-71.799,18,7
2010-04-04T22:40:43.100Z,32.297,-115.278,4,7.2
2010-04-06T22:15:01.580Z,2.383,97.048,31,7.8
2010-05-09T05:59:41.620Z,3.748,96.018,38,7.2
2010-05-27T17:14:46.570Z,-13.698,166.643,31,7.2
2010-06-12T19:26:50.460Z,7.881,91.936,35,7.5
2010-06-16T03:16:27.550Z,-2.174,136.543,18,7
2010-07-18T13:34:59.360Z,-5.931,150.59,35,7.3
2010-07-23T22:08:11.250Z,6.718,123.409,607.1,7.3
2010-07-23T22:51:11.840Z,6.497,123.48,578,7.6
2010-07-23T23:15:10.190Z,6.776,123.259,640.6,7.5
2010-08-04T22:01:43.620Z,-5.746,150.765,44,7
2010-08-10T05:23:44.980Z,-17.541,168.069,25,7.3
2010-08-12T11:54:15.580Z,-1.266,-77.306,206.7,7.1
2010-09-03T16:35:47.770Z,-43.522,171.83,12,7
2010-09-29T17:11:25.940Z,-4.963,133.76,26,7
2010-10-25T14:42:22.460Z,-3.487,100.082,20.1,7.8
2010-12-21T17:19:40.660Z,26.901,143.698,14,7.4
2010-12-25T13:16:37.000Z,-19.702,167.947,16,7.3
2011-01-01T09:56:58.120Z,-26.803,-63.136,576.8,7
2011-01-02T20:20:17.780Z,-38.355,-73.326,24,7.2
2011-01-13T16:16:41.540Z,-20.628,168.471,9,7
2011-01-18T20:23:23.480Z,28.777,63.951,68,7.2
2011-03-09T02:45:20.330Z,38.435,142.842,32,7.3
2011-03-11T05:46:24.120Z,38.297,142.373,29,9
2011-03-11T06:15:40.280Z,36.281,141.111,42.6,7.9
2011-03-11T06:25:50.300Z,38.058,144.59,18.6,7.7
2011-04-07T14:32:00.000Z,38.276,141.588,42,7.1
2011-04-07T14:32:43.290Z,38.276,141.588,42,7.1
2011-06-24T03:09:39.470Z,52.05,-171.836,52,7.3
2011-07-06T19:03:18.260Z,-29.539,-176.34,17,7.6
2011-07-10T00:57:10.800Z,38.034,143.264,23,7
2011-08-20T16:55:02.810Z,-18.365,168.143,32,7.2
2011-08-20T18:19:23.550Z,-18.311,168.218,28,7.1
2011-08-24T17:46:11.650Z,-7.641,-74.525,147,7
2011-09-03T22:55:40.920Z,-20.671,169.716,185.1,7
2011-09-15T19:31:04.080Z,-21.611,-179.528,644.6,7.3
2011-10-21T17:57:16.100Z,-28.993,-176.238,33,7.4
2011-10-23T10:41:23.250Z,38.721,43.508,18,7.1
2011-12-14T05:04:58.630Z,-7.551,146.809,135,7.1
2012-01-10T18:36:59.080Z,2.433,93.21,19,7.2
2012-02-02T13:34:40.650Z,-17.827,167.133,23,7.1
2012-03-20T18:02:47.440Z,16.493,-98.231,20,7.4
2012-03-25T22:37:06.000Z,-35.2,-72.217,40.7,7.1
2012-04-11T08:38:36.720Z,2.327,93.063,20,8.6
2012-04-11T10:43:10.850Z,0.802,92.463,25.1,8.2
2012-04-12T07:15:48.500Z,28.696,-113.104,13,7
2012-08-14T02:59:38.460Z,49.8,145.064,583.2,7.7
2012-08-27T04:37:19.430Z,12.139,-88.59,28,7.3
2012-08-31T12:47:33.380Z,10.811,126.638,28,7.6
2012-09-05T14:42:07.800Z,10.085,-85.315,35,7.6
2012-09-30T16:31:35.970Z,1.929,-76.362,170,7.3
2012-10-28T03:04:08.820Z,52.788,-132.101,14,7.8
2012-11-07T16:35:46.930Z,13.988,-91.895,24,7.4
2012-12-07T08:18:23.130Z,37.89,143.949,31,7.3
2012-12-10T16:53:08.770Z,-6.533,129.825,155,7.1
2013-01-05T08:58:19.330Z,55.393,-134.652,10,7.5
2013-02-06T01:12:25.830Z,-10.799,165.114,24,8
2013-02-06T01:23:19.760Z,-11.183,164.882,10,7.1
2013-02-06T01:54:14.610Z,-10.499,165.588,8.8,7
2013-02-08T15:26:38.470Z,-10.928,166.018,21,7.1
2013-04-06T04:42:35.860Z,-3.517,138.476,66,7
2013-04-16T10:44:20.180Z,28.033,61.996,80,7.7
2013-04-19T03:05:52.650Z,46.221,150.788,110,7.2
2013-05-23T17:19:04.750Z,-23.009,-177.232,173.7,7.4
2013-05-24T05:44:48.980Z,54.892,153.221,598.1,8.3
2013-07-07T18:35:30.740Z,-3.917,153.927,385.5,7.3
2013-07-15T14:03:39.880Z,-60.857,-25.07,11,7.3
2013-08-30T16:25:02.300Z,51.537,-175.2297,29,7
2013-09-24T11:29:47.970Z,26.951,65.5009,15,7.7
2013-09-25T16:42:43.170Z,-15.8385,-74.5112,40,7.1
2013-10-15T00:12:32.050Z,9.8796,124.1167,19.04,7.1
2013-10-25T17:10:19.710Z,37.1557,144.6611,35,7.1
2013-11-17T09:04:55.530Z,-60.2738,-46.4011,10,7.7
2013-11-25T06:27:33.300Z,-53.9451,-55.0033,11.78,7
2014-04-01T23:46:47.260Z,-19.6097,-70.7691,25,8.2
2014-04-03T02:43:13.110Z,-20.5709,-70.4931,22.4,7.7
2014-04-11T07:07:23.130Z,-6.5858,155.0485,60.53,7.1
2014-04-12T20:14:39.300Z,-11.2701,162.1481,22.56,7.6
2014-04-13T12:36:19.230Z,-11.4633,162.0511,39,7.4
2014-04-18T14:27:24.920Z,17.397,-100.9723,24,7.2
2014-04-19T13:28:00.810Z,-6.7547,155.0241,43.37,7.5
2014-06-23T20:53:09.700Z,51.8486,178.7352,109,7.9
2014-10-09T02:14:31.440Z,-32.1082,-110.8112,16.54,7
2014-10-14T03:51:34.460Z,12.5262,-88.1225,40,7.3
2014-11-01T18:57:22.380Z,-19.6903,-177.7587,434,7.1
2014-11-15T02:31:41.720Z,1.8929,126.5217,45,7.1
2015-02-13T18:59:12.230Z,52.6487,-31.9016,16.68,7.1
2015-02-27T13:45:05.370Z,-7.2968,122.5348,552.06,7
2015-03-29T23:48:31.010Z,-4.7294,152.5623,41,7.5
2015-04-25T06:11:25.950Z,28.2305,84.7314,8.22,7.8
2015-05-05T01:44:06.380Z,-5.4624,151.8751,55,7.5
2015-05-07T07:10:19.590Z,-7.2175,154.5567,10,7.1
2015-05-12T07:05:19.730Z,27.8087,86.0655,15,7.3
2015-05-30T11:23:02.100Z,27.8409,140.4879,664,7.8
2015-06-17T12:51:33.140Z,-35.362,-17.3915,10,7